person,url
Megawati,https://www.cnnindonesia.com/nasional/20221107184739-32-870693/gerindra-bela-desmond-digeruduk-kader-pdip-bicara-keras-hatinya-baik
Megawati,https://www.cnnindonesia.com/nasional/20221112082433-32-872772/gema-desakan-pdip-ingin-negara-minta-maaf-ke-sukarno
Megawati,https://www.cnnindonesia.com/nasional/20221112072553-32-872767/gaduh-desmond-vs-pdip-berujung-minta-maaf
Megawati,https://www.cnnindonesia.com/nasional/20221111203223-32-872723/pdip-minta-gerindra-tindak-tegas-desmond-buntut-sentil-sukarno
Megawati,https://www.cnnindonesia.com/nasional/20221111184655-32-872681/digeruduk-kader-pdip-di-purworejo-desmond-ngaku-sudah-minta-maaf
Megawati,https://www.cnnindonesia.com/nasional/20221111121731-32-872478/gerindra-bahas-masalah-desmond-usai-digeruduk-kader-pdip-purworejo
Megawati,https://www.cnnindonesia.com/nasional/20221111075038-32-872352/desmond-minta-maaf-sentil-pdip-dan-megawati-soal-sukarno
Megawati,https://www.cnnindonesia.com/nasional/20221111073004-32-872339/desmond-digeruduk-kader-pdip-saat-makan-siang-di-purworejo
Megawati,https://www.cnnindonesia.com/nasional/20221110182731-32-872235/hasto-pdip-ingin-negara-minta-maaf-ke-bung-karno-bawa-nama-gus-dur
Megawati,https://www.cnnindonesia.com/nasional/20221110170819-25-872183/bertemu-presiden-korsel-puan-bahas-iklim-inflasi-hingga-bung-karno
Megawati,https://www.cnnindonesia.com/internasional/20221110182138-113-872228/presiden-korsel-bertemu-puan-dan-megawati-bahas-apa
Megawati,https://www.cnnindonesia.com/nasional/20221110135144-32-872036/relawan-minta-megawati-beri-restu-ganjar-jadi-capres-2024
Megawati,https://www.cnnindonesia.com/nasional/20221110140148-32-872050/puan-dan-megawati-beri-penghormatan-korban-di-lokasi-tragedi-itaewon
Megawati,https://www.cnnindonesia.com/nasional/20221107102643-32-870495/relawan-pendekar-dan-binar-deklarasi-ganjar-maju-di-pilpres-2024
Megawati,https://www.cnnindonesia.com/nasional/20221110095348-32-871919/pencabutan-tap-mprs-33-1967-soal-sukarno-tuai-polemik-permintaan-maaf
Megawati,https://www.cnnindonesia.com/nasional/20221109152256-32-871606/desmond-sentil-usul-pdip-soal-sukarno-masa-negara-harus-minta-maaf
Megawati,https://www.cnnindonesia.com/nasional/20221108183318-32-871207/pakar-sebut-ucapan-jokowi-di-acara-perindo-seperti-ledekan
Megawati,https://www.cnnindonesia.com/nasional/20221108180834-32-871189/pdip-disebut-akan-umumkan-capres-juni-2023
Megawati,https://www.cnnindonesia.com/nasional/20221108204848-32-871255/pdip-soal-jatah-prabowo-2024-menyemangati-untuk-maju
Megawati,https://www.cnnindonesia.com/nasional/20221108222754-32-871273/tap-mprs-33-1967-dicabut-pdip-harap-ri-minta-maaf-ke-keluarga-sukarno
Megawati,https://www.cnnindonesia.com/nasional/20221108194850-20-871243/ganjar-ucap-selamat-ke-puan-dapat-doktor-kehormatan-selamat-ya-mbak
Megawati,https://www.cnnindonesia.com/internasional/20221107212225-111-870742/puan-dinilai-akan-teruskan-warisan-bung-karno-rawat-hubungan-ri-korsel
Megawati,https://www.cnnindonesia.com/nasional/20221107163437-32-870638/sudah-raih-9-honoris-causa-megawati-sebut-bung-karno-punya-26-gelar
Megawati,https://www.cnnindonesia.com/nasional/20221107180229-32-870684/jokowi-respons-capres-pilihan-megawati-rakyat-yang-pilih
Megawati,https://www.cnnindonesia.com/nasional/20221107172628-32-870669/survei-indostrategi-elektabilitas-prabowo-menguat-anies-memble
Megawati,https://www.cnnindonesia.com/nasional/20221107153904-32-870598/tunggu-5-gelar-lagi-mega-ingin-puan-kalahkan-perolehan-honoris-causa
Megawati,https://www.cnnindonesia.com/nasional/20221107144402-20-870578/cerita-megawati-pernah-dituduh-bela-saddam-hussein-oleh-george-bush
Megawati,https://www.cnnindonesia.com/nasional/20221021190817-32-863828/megawati-klaim-pernah-dibilang-pintar-oleh-presiden-as-george-bush
Megawati,https://www.cnnindonesia.com/nasional/20221107085341-32-870339/politik-sepekan-isu-ganjar-rk-hingga-senior-ppp-akan-dukung-anies
Megawati,https://www.cnnindonesia.com/nasional/20221106174312-32-870205/alasan-megawati-belum-umumkan-capres-pdip-meski-sudah-kantongi-nama
Megawati,https://www.cnnindonesia.com/nasional/20221104201714-32-869756/ganjar-pranowo-dibidik-kib-pdip-monitor-balik
Megawati,https://www.cnnindonesia.com/nasional/20221104194556-32-869749/hasto-anggap-isu-jokowi-rebut-ketum-pdip-cuma-dari-provokator-politik
Megawati,https://www.cnnindonesia.com/nasional/20221104142222-32-869558/menag-yaqut-temui-megawati-bahas-situasi-negara
Megawati,https://www.cnnindonesia.com/nasional/20221103091145-32-868889/bambang-pacul-yakin-jokowi-tahu-balas-budi-mustahil-kudeta-megawati
Megawati,https://www.cnnindonesia.com/internasional/20221102190438-106-868735/daftar-tokoh-ri-yang-masuk-muslim-berpengaruh-dunia-2023
Megawati,https://www.cnnindonesia.com/nasional/20221102090007-32-868378/johan-budi-saya-cuma-remah-remah-rengginang-di-pdip-yang-dukung-puan
Megawati,https://www.cnnindonesia.com/nasional/20221102042552-32-868297/ganjar-soal-jokowi-ganti-mega-jangan-benturkan-presiden-dengan-pdip
Megawati,https://www.cnnindonesia.com/nasional/20221101230046-32-868282/pdip-minta-ganjar-waspadai-relawan-yang-doakan-jokowi-gantikan-mega
Megawati,https://www.cnnindonesia.com/nasional/20221101193839-32-868227/puan-soal-dewan-kolonel-kita-ikuti-perintah-ketua-umum-pdip
Megawati,https://www.cnnindonesia.com/nasional/20221101182537-32-868195/bappilu-pdip-megawati-tidak-akan-beda-dengan-jokowi-soal-capres
Megawati,https://www.cnnindonesia.com/nasional/20221101175750-32-868183/pdip-sebut-johan-budi-dicopot-dari-burt-dpr-tak-terkait-dewan-kolonel
Megawati,https://www.cnnindonesia.com/nasional/20221031163040-32-867638/projo-soal-doa-jokowi-jadi-ketum-pdip-adu-domba-dan-menyesatkan
Megawati,https://www.cnnindonesia.com/nasional/20221031130702-32-867486/relawan-kami-ganjar-minta-maaf-soal-doakan-jokowi-jadi-ketum-pdip-2024
Megawati,https://www.cnnindonesia.com/nasional/20221031095812-32-867367/alasan-mbah-rono-gabung-pdip-mau-nyaleg-di-yogyakarta
Megawati,https://www.cnnindonesia.com/nasional/20221030201635-32-867220/soal-capres-pdip-hasto-ungkap-akan-ada-pertemuan-intens-mega-jokowi
Anies,https://www.cnnindonesia.com/nasional/20221114063554-32-873242/anies-bakal-sambangi-yogyakarta-16-november
Anies,https://www.cnnindonesia.com/nasional/20221113092138-32-873001/nakhoda-nasdem-out-jika-suara-stagnan-di-2024
Anies,https://www.cnnindonesia.com/nasional/20221112172851-32-872915/pkb-anggap-jokowi-belum-full-beri-dukungan-ke-capres-tertentu
Anies,https://www.cnnindonesia.com/nasional/20221111194253-32-872705/surya-paloh-soal-nasib-nasdem-di-koalisi-pemerintah-bola-di-jokowi
Anies,https://www.cnnindonesia.com/nasional/20221112143545-32-872860/surya-paloh-jika-suara-nasdem-anjlok-di-2024-nakhodanya-out
Anies,https://www.cnnindonesia.com/nasional/20221111233926-32-872744/surya-paloh-tunggu-jokowi-bilang-pilpres-2024-jatah-anies-baswedan
Anies,https://www.cnnindonesia.com/nasional/20221111234540-32-872745/bicara-bandar-di-pilpres-surya-paloh-singgung-sambo-sudah-ditangkap
Anies,https://www.cnnindonesia.com/nasional/20221111203839-32-872729/demokrat-klaim-nasdem-dan-pks-tetap-solid-bentuk-koalisi-perubahan
Anies,https://www.cnnindonesia.com/nasional/20221111190921-32-872692/surya-paloh-saya-masih-anggap-jokowi-adalah-presiden-nasdem
Anies,https://www.cnnindonesia.com/nasional/20221111180650-20-872663/bantu-anies-di-pilpres-sudirman-said-mundur-dari-komut-transjakarta
Anies,https://www.cnnindonesia.com/otomotif/20221111132443-603-872515/300-bus-listrik-baru-transjakarta-bakal-mondar-mandir-di-jakarta-2023
Anies,https://www.cnnindonesia.com/nasional/20221111164937-32-872616/surya-paloh-akui-jokowi-belum-ucapkan-selamat-ultah-untuk-nasdem
Anies,https://www.cnnindonesia.com/hiburan/20221111160935-234-872596/iwan-fals-komentari-jadwal-daftar-capres-2024-kirain-tahun-ini
Anies,https://www.cnnindonesia.com/nasional/20221111155223-32-872585/surya-paloh-calonkan-anies-bukan-berarti-hubungan-ke-jokowi-retak
Anies,https://www.cnnindonesia.com/nasional/20221111142552-32-872542/anies-salut-surya-paloh-tempuh-jalan-terjal-siap-mendaki-bersama
Anies,https://www.cnnindonesia.com/nasional/20221111071638-32-872341/pamor-anies-dan-jalan-redup-elektabilitas-nasdem
Anies,https://www.cnnindonesia.com/nasional/20221110191120-32-872247/pks-soal-batal-deklarasi-koalisi-anies-enggak-boleh-ada-pemodal-besar
Anies,https://www.cnnindonesia.com/nasional/20221110162915-32-872155/gibran-respons-usul-rocky-gerung-jadi-cawapres-tandem-anies-2024
Anies,https://www.cnnindonesia.com/nasional/20221110154349-32-872116/pan-akui-dekati-pks-demokrat-bantah-jegal-anies-maju-pilpres
Anies,https://www.cnnindonesia.com/nasional/20221110142433-32-872066/relawan-jokowi-temui-prabowo-gerindra-sebut-tak-bahas-dukungan-capres
Anies,https://www.cnnindonesia.com/nasional/20221110131524-32-872003/jokowi-tak-hadir-hut-nasdem-besok-beri-ucapan-lewat-video
Anies,https://www.cnnindonesia.com/nasional/20221110134118-32-872016/nasdem-sebut-deklarasi-koalisi-batal-bukan-karena-cawapres-belum-deal
Anies,https://www.cnnindonesia.com/nasional/20221110125456-32-871996/anies-yakinkan-kader-nasdem-soal-koalisi-dengan-demokrat-pks
Anies,https://www.cnnindonesia.com/nasional/20221110095428-32-871898/relawan-jokowi-makan-siang-dengan-prabowo-hari-ini
Anies,https://www.cnnindonesia.com/nasional/20221110091836-32-871883/nasdem-sentil-balik-sindiran-ahok-lebih-bahaya-orang-yang-asal-omong
Anies,https://www.cnnindonesia.com/nasional/20221110073751-32-871840/koalisi-usung-anies-batal-deklarasi-10-november-demokrat-buka-suara
Anies,https://www.cnnindonesia.com/nasional/20221110033952-32-871789/hasil-musra-relawan-jokowi-di-kepri-ganjar-unggul-telak
Anies,https://www.cnnindonesia.com/nasional/20221109193730-32-871734/hasil-musra-relawan-jokowi-di-sumbar-prabowo-capres-terfavorit
Anies,https://www.cnnindonesia.com/nasional/20221110012059-32-871786/agenda-nasdem-bareng-anies-di-jabar-janjikan-hadiah-umrah-untuk-warga
Anies,https://www.cnnindonesia.com/nasional/20221109165413-32-871665/koalisi-nasdem-demokrat-pks-usung-anies-tidak-deklarasi-10-november
Anies,https://www.cnnindonesia.com/nasional/20221109163007-32-871650/gerindra-panggil-wakil-wali-kota-medan-usai-foto-bareng-anies
Anies,https://www.cnnindonesia.com/ekonomi/20221109143553-92-871572/mengenal-tunjangan-profesi-guru-yang-dibahas-anies-dan-stafsus-menkeu
Anies,https://www.cnnindonesia.com/ekonomi/20221109131725-532-871521/melihat-kelebihan-tunjangan-guru-rp23-t-versi-anies-dan-staf-menkeu
Anies,https://www.cnnindonesia.com/nasional/20221109101118-20-871409/normalisasi-ciliwung-warga-bantaran-kali-akan-dipindahkan-ke-rusun
Anies,https://www.cnnindonesia.com/nasional/20221109094033-20-871391/anies-ajukan-cabut-pergub-ahok-heru-budi-perintahkan-kaji-lagi
Anies,https://www.cnnindonesia.com/ekonomi/20221109074403-532-871335/kemenkeu-minta-kelebihan-tunjangan-guru-era-anies-tidak-diperdebatkan
Anies,https://www.cnnindonesia.com/ekonomi/20221108205447-532-871259/staf-menkeu-respons-soal-anies-selamatkan-tunjangan-guru-rp23-t
Anies,https://www.cnnindonesia.com/nasional/20221108192243-20-871230/dki-anggarkan-rp700-m-untuk-pembebasan-lahan-normalisasi-ciliwung
Anies,https://www.cnnindonesia.com/nasional/20221109025156-32-871290/perbandingan-elektabilitas-ahy-aher-kandidat-pendamping-anies
Anies,https://www.cnnindonesia.com/ekonomi/20221108190157-532-871215/kemenkeu-blak-blakan-soal-kelebihan-tunjangan-guru-rp23-t-era-anies
Anies,https://www.cnnindonesia.com/nasional/20221108154450-32-871096/nasdem-yakin-jokowi-tak-hanya-dukung-prabowo-anies-juga-akan-didukung
Anies,https://www.cnnindonesia.com/nasional/20221107172628-32-870669/survei-indostrategi-elektabilitas-prabowo-menguat-anies-memble
Anies,https://www.cnnindonesia.com/hiburan/20221107163409-234-870641/iwan-fals-komentari-hasil-survei-cawapres-rk-dan-sandi-akur-nih
Anies,https://www.cnnindonesia.com/nasional/20221107134055-32-870538/ganjar-temui-jokowi-di-istana-siap-siap-2023-tak-terlalu-bagus
Anies,https://www.cnnindonesia.com/nasional/20221107085341-32-870339/politik-sepekan-isu-ganjar-rk-hingga-senior-ppp-akan-dukung-anies
Luhut,https://www.cnnindonesia.com/internasional/20221114080353-106-873282/biden-bertemu-xi-jinping-di-ktt-g20-bali-hari-ini-bakal-blak-blakan
Luhut,https://www.cnnindonesia.com/internasional/20221114061529-106-873238/biden-pakai-mobil-the-beast-di-bali-hingga-3-kepala-negara-absen-g20
Luhut,https://www.cnnindonesia.com/internasional/20221113184138-106-873172/bahlil-soal-absennya-putin-di-g20-cuma-jokowi-yang-bisa-telepon-putin
Luhut,https://www.cnnindonesia.com/internasional/20221113190723-106-873174/gantikan-vladimir-putin-menlu-rusia-tiba-di-bali-hadiri-ktt-g20
Luhut,https://www.cnnindonesia.com/ekonomi/20221113114511-90-873042/potensi-investasi-tinggi-menko-luhut-dukung-pln-kembangkan-ebt
Luhut,https://www.cnnindonesia.com/ekonomi/20221113111209-532-873027/elon-musk-dipastikan-batal-ke-bali-hadiri-g20
Luhut,https://www.cnnindonesia.com/internasional/20221113094902-106-873016/alasan-tiga-kepala-negara-absen-di-ktt-g20-bali
Luhut,https://www.cnnindonesia.com/ekonomi/20221112164128-92-872904/luhut-optimistis-kontribusi-ekonomi-g20-pulihkan-luka-bali
Luhut,https://www.cnnindonesia.com/ekonomi/20221112172814-92-872919/luhut-minta-warga-bali-wfh-dan-sekolah-online-selama-ktt-g20
Luhut,https://www.cnnindonesia.com/internasional/20221112161658-106-872896/luhut-pastikan-tiga-kepala-negara-tak-hadir-di-ktt-g20
Luhut,https://www.cnnindonesia.com/ekonomi/20221112161209-90-872887/jelang-ktt-g20-menko-luhut-resmikan-plts-terapung-pln-di-nusa-dua
Luhut,https://www.cnnindonesia.com/internasional/20221111204836-106-872730/jokowi-akan-bertemu-biden-di-ktt-g20-bahas-isu-yang-digodok-15-tahun
Luhut,https://www.cnnindonesia.com/ekonomi/20221111172204-297-872639/dongkrak-wisman-bri-berikan-fasilitas-pembayaran-online-e-visa
Luhut,https://www.cnnindonesia.com/internasional/20221110193450-106-872259/putin-tak-hadir-ktt-g20-bali-ri-tetap-upaya-damaikan-rusia-ukraina
Luhut,https://www.cnnindonesia.com/ekonomi/20221110161743-92-872135/luhut-klaim-ri-siap-pasok-baterai-buat-3-juta-kendaraan-listrik
Luhut,https://www.cnnindonesia.com/teknologi/20221110162830-192-872150/target-berikutnya-bjorka-pedulilindungi
Luhut,https://www.cnnindonesia.com/ekonomi/20221110144500-92-872082/melihat-cara-kampungan-jokowi-yang-kata-luhut-efektif-redam-inflasi
Luhut,https://www.cnnindonesia.com/ekonomi/20221110130430-92-871995/luhut-indonesia-is-not-ecek-ecek-country
Luhut,https://www.cnnindonesia.com/internasional/20221110130336-106-871994/luhut-soal-putin-zelensky-absen-di-ktt-g20-mungkin-sibuk
Luhut,https://www.cnnindonesia.com/ekonomi/20221110133527-92-872014/luhut-ungkap-strategi-kampungan-jokowi-selamatkan-ri-dari-inflasi
Luhut,https://www.cnnindonesia.com/ekonomi/20221110105620-92-871933/luhut-singgung-manfaat-besar-dana-desa-banyak-ekonom-tak-paham
Luhut,https://www.cnnindonesia.com/ekonomi/20221110102135-92-871914/luhut-siapa-bilang-indonesia-bisa-dikontrol-china
Luhut,https://www.cnnindonesia.com/ekonomi/20221110103956-92-871925/luhut-putin-tak-hadiri-ktt-g20-bali-hanya-mengirim-menlu
Luhut,https://www.cnnindonesia.com/ekonomi/20221110093651-92-871889/jokowi-dan-xi-jinping-batal-jajal-kereta-cepat-jakarta-bandung
Luhut,https://www.cnnindonesia.com/ekonomi/20221109151037-532-871598/luhut-ingin-indonesia-jadi-negara-maju-pada-2030
Luhut,https://www.cnnindonesia.com/ekonomi/20221108165638-92-871142/staf-erick-soal-kereta-cepat-tekor-mau-langsung-untung-jual-gorengan
Luhut,https://www.cnnindonesia.com/ekonomi/20221108142655-92-871038/luhut-sebut-indonesia-siap-kembangkan-ekosistem-karbon-biru
Luhut,https://www.cnnindonesia.com/nasional/20221108151401-32-871075/sinyal-jokowi-soal-capres-dukung-ganjar-hingga-prabowo
Luhut,https://www.cnnindonesia.com/nasional/20221107213131-12-870748/luhut-ungkap-sistem-pengenalan-wajah-di-g20-seperti-di-film-film
Luhut,https://www.cnnindonesia.com/internasional/20221107232609-106-870754/jelang-ktt-g20-luhut-belum-bisa-pastikan-kehadiran-putin
Luhut,https://www.cnnindonesia.com/ekonomi/20221107090458-85-870340/ahok-bongkar-5-orang-yang-berperan-tentukan-kenaikan-harga-bbm
Luhut,https://www.cnnindonesia.com/ekonomi/20221105174521-532-869981/luhut-bicara-perfect-storm-hantam-negara-maju-dan-berkembang
Luhut,https://www.cnnindonesia.com/olahraga/20221105064316-142-869828/5-kandidat-ketua-umum-pssi-yang-jadi-unggulan-netizen
Luhut,https://www.cnnindonesia.com/nasional/20221104181941-20-869707/gubernur-bali-minta-ke-luhut-ppkm-disetop-di-wilayahnya
Luhut,https://www.cnnindonesia.com/nasional/20221104122225-20-869498/sampah-plastik-di-laut-baru-berkurang-285-persen-dari-target-di-2025
Luhut,https://www.cnnindonesia.com/ekonomi/20221103132756-78-869026/relaksasi-kredit-kendaraan-listrik-diperpanjang-sampai-akhir-2022
Luhut,https://www.cnnindonesia.com/olahraga/20221102071547-142-868328/5-kandidat-ketua-pssi-pengganti-iwan-bule-yang-populer-di-media-sosial
Luhut,https://www.cnnindonesia.com/olahraga/20221102013155-142-868290/hei-primadona-media-sosial-kuasai-pssi-tak-segampang-itu
Luhut,https://www.cnnindonesia.com/olahraga/20221102062051-142-868313/top-3-sports-timnas-u-20-menang-5-kandidat-ketua-pssi-versi-netizen
Luhut,https://www.cnnindonesia.com/ekonomi/20221101194830-92-868232/wamen-bumn-ungkap-proyek-kereta-cepat-masih-perlu-pembiayaan
Luhut,https://www.cnnindonesia.com/nasional/20221101134513-12-868022/haris-azhar-desak-polisi-tuntaskan-perkara-perseteruan-dengan-luhut
Luhut,https://www.cnnindonesia.com/olahraga/20221101094758-142-867889/5-kandidat-ketua-umum-pssi-yang-jadi-primadona-di-media-sosial
Luhut,https://www.cnnindonesia.com/nasional/20221101090352-12-867866/haris-azhar-fatia-kembali-diperiksa-sebagai-tersangka-di-kasus-luhut
Luhut,https://www.cnnindonesia.com/ekonomi/20221031183946-92-867694/bantah-bantahan-jk-dan-luhut-soal-tka-china-di-industri-nikel
Luhut,https://www.cnnindonesia.com/ekonomi/20221101065101-92-867816/wajar-ramai-tka-china-di-industri-nikel-wong-investasi-dari-mereka
Luhut,https://www.cnnindonesia.com/ekonomi/20221031143426-92-867552/luhut-bantah-jk-soal-pekerja-nikel-dan-tukang-las-banyak-dari-china
Luhut,https://www.cnnindonesia.com/nasional/20221029190730-20-866966/luhut-minta-as-tak-ajari-perubahan-iklim-janji-tak-buat-aturan-salah
Ganjar,https://www.cnnindonesia.com/nasional/20221112172851-32-872915/pkb-anggap-jokowi-belum-full-beri-dukungan-ke-capres-tertentu
Ganjar,https://www.cnnindonesia.com/nasional/20221112154601-32-872875/musra-relawan-jokowi-masih-dihuni-prabowo-ganjar-hingga-sandiaga
Ganjar,https://www.cnnindonesia.com/nasional/20221111233926-32-872744/surya-paloh-tunggu-jokowi-bilang-pilpres-2024-jatah-anies-baswedan
Ganjar,https://www.cnnindonesia.com/hiburan/20221111160935-234-872596/iwan-fals-komentari-jadwal-daftar-capres-2024-kirain-tahun-ini
Ganjar,https://www.cnnindonesia.com/nasional/20221111155543-32-872590/ganjar-pranowo-cuaca-politik-lagi-enggak-genah
Ganjar,https://www.cnnindonesia.com/nasional/20221111071638-32-872341/pamor-anies-dan-jalan-redup-elektabilitas-nasdem
Ganjar,https://www.cnnindonesia.com/nasional/20221110142433-32-872066/relawan-jokowi-temui-prabowo-gerindra-sebut-tak-bahas-dukungan-capres
Ganjar,https://www.cnnindonesia.com/nasional/20221110135144-32-872036/relawan-minta-megawati-beri-restu-ganjar-jadi-capres-2024
Ganjar,https://www.cnnindonesia.com/nasional/20221107102643-32-870495/relawan-pendekar-dan-binar-deklarasi-ganjar-maju-di-pilpres-2024
Ganjar,https://www.cnnindonesia.com/nasional/20221110095428-32-871898/relawan-jokowi-makan-siang-dengan-prabowo-hari-ini
Ganjar,https://www.cnnindonesia.com/nasional/20221110033952-32-871789/hasil-musra-relawan-jokowi-di-kepri-ganjar-unggul-telak
Ganjar,https://www.cnnindonesia.com/nasional/20221109193730-32-871734/hasil-musra-relawan-jokowi-di-sumbar-prabowo-capres-terfavorit
Ganjar,https://www.cnnindonesia.com/nasional/20221109074216-32-871336/endorse-capres-dari-jokowi-bisa-rusak-citra-pilpres-2024
Ganjar,https://www.cnnindonesia.com/nasional/20221108180834-32-871189/pdip-disebut-akan-umumkan-capres-juni-2023
Ganjar,https://www.cnnindonesia.com/nasional/20221109025156-32-871290/perbandingan-elektabilitas-ahy-aher-kandidat-pendamping-anies
Ganjar,https://www.cnnindonesia.com/nasional/20221108194850-20-871243/ganjar-ucap-selamat-ke-puan-dapat-doktor-kehormatan-selamat-ya-mbak
Ganjar,https://www.cnnindonesia.com/nasional/20221108151401-32-871075/sinyal-jokowi-soal-capres-dukung-ganjar-hingga-prabowo
Ganjar,https://www.cnnindonesia.com/nasional/20221107180229-32-870684/jokowi-respons-capres-pilihan-megawati-rakyat-yang-pilih
Ganjar,https://www.cnnindonesia.com/nasional/20221107172628-32-870669/survei-indostrategi-elektabilitas-prabowo-menguat-anies-memble
Ganjar,https://www.cnnindonesia.com/ekonomi/20221107195342-92-870720/menaker-ump-2023-masih-dihitung-ditetapkan-21-november-2022
Ganjar,https://www.cnnindonesia.com/hiburan/20221107163409-234-870641/iwan-fals-komentari-hasil-survei-cawapres-rk-dan-sandi-akur-nih
Ganjar,https://www.cnnindonesia.com/nasional/20221107165914-32-870657/ganjar-bantah-bahas-pilpres-2024-dengan-jokowi-ekonomi-lagi-sulit
Ganjar,https://www.cnnindonesia.com/nasional/20221107134055-32-870538/ganjar-temui-jokowi-di-istana-siap-siap-2023-tak-terlalu-bagus
Ganjar,https://www.cnnindonesia.com/nasional/20221107114828-20-870456/jokowi-resmi-angkat-hr-soeharto-jadi-pahlawan-nasional
Ganjar,https://www.cnnindonesia.com/nasional/20221107085341-32-870339/politik-sepekan-isu-ganjar-rk-hingga-senior-ppp-akan-dukung-anies
Ganjar,https://www.cnnindonesia.com/nasional/20221106194102-32-870216/survei-cawapres-sandiaga-uno-ungguli-rk-hingga-ahy
Ganjar,https://www.cnnindonesia.com/nasional/20221106193258-32-870214/survei-capres-indekstat-ganjar-teratas-puan-masuk-5-besar
Ganjar,https://www.cnnindonesia.com/nasional/20221105130718-32-869902/antusiasme-warga-sambut-anies-dan-ganjar-saat-berkunjung-ke-daerah
Ganjar,https://www.cnnindonesia.com/nasional/20221104210345-20-869770/pbnu-kritik-keras-pernyataan-ade-armando-jelang-pilpres-2024
Ganjar,https://www.cnnindonesia.com/nasional/20221104201730-32-869758/survei-lsn-pemilih-milenial-favoritkan-prabowo-ketimbang-ganjar-anies
Ganjar,https://www.cnnindonesia.com/nasional/20221104201714-32-869756/ganjar-pranowo-dibidik-kib-pdip-monitor-balik
Ganjar,https://www.cnnindonesia.com/nasional/20221104194556-32-869749/hasto-anggap-isu-jokowi-rebut-ketum-pdip-cuma-dari-provokator-politik
Ganjar,https://www.cnnindonesia.com/nasional/20221104130222-32-869519/ganjar-pranowo-ogah-tinggalkan-pdip-partai-lain-lebih-baik
Ganjar,https://www.cnnindonesia.com/nasional/20221104113825-32-869497/mardiono-soal-kader-ppp-ke-anies-jangan-jalan-sendiri-sendiri
Ganjar,https://www.cnnindonesia.com/nasional/20221103121036-32-868984/ade-armando-ganjar-vs-anies-the-real-battle-di-pilpres-2024
Ganjar,https://www.cnnindonesia.com/nasional/20221103091145-32-868889/bambang-pacul-yakin-jokowi-tahu-balas-budi-mustahil-kudeta-megawati
Ganjar,https://www.cnnindonesia.com/nasional/20221102155305-32-868621/musra-relawan-di-palembang-prabowo-favorit-jenderal-dudung-mencuat
Ganjar,https://www.cnnindonesia.com/nasional/20221102090007-32-868378/johan-budi-saya-cuma-remah-remah-rengginang-di-pdip-yang-dukung-puan
Ganjar,https://www.cnnindonesia.com/nasional/20221102042552-32-868297/ganjar-soal-jokowi-ganti-mega-jangan-benturkan-presiden-dengan-pdip
Ganjar,https://www.cnnindonesia.com/nasional/20221101230046-32-868282/pdip-minta-ganjar-waspadai-relawan-yang-doakan-jokowi-gantikan-mega
Ganjar,https://www.cnnindonesia.com/nasional/20221101193839-32-868227/puan-soal-dewan-kolonel-kita-ikuti-perintah-ketua-umum-pdip
Ganjar,https://www.cnnindonesia.com/nasional/20221101143134-32-868045/ppp-akui-sejumlah-kader-lebih-setuju-anies-jadi-capres-2024
Ganjar,https://www.cnnindonesia.com/nasional/20221101133637-32-868007/ganjar-mania-soal-wacana-jokowi-ketum-pdip-adu-domba-dan-kampungan
Ganjar,https://www.cnnindonesia.com/nasional/20221031175441-32-867677/golkar-respons-klaim-pan-soal-kib-pertimbangkan-usung-ganjar
Ganjar,https://www.cnnindonesia.com/nasional/20221031163040-32-867638/projo-soal-doa-jokowi-jadi-ketum-pdip-adu-domba-dan-menyesatkan
Erick Thohir,https://www.cnnindonesia.com/olahraga/20221113150451-142-873106/najwa-shihab-dan-erick-thohir-favorit-calon-ketua-pssi-versi-survei
Erick Thohir,https://www.cnnindonesia.com/olahraga/20221113013201-142-872959/john-terry-puji-indonesia-kalian-semua-fantastis
Erick Thohir,https://www.cnnindonesia.com/olahraga/20221112204556-142-872941/nesta-merasa-takjub-dan-spesial-saat-lawan-terry-di-laga-ekshibisi
Erick Thohir,https://www.cnnindonesia.com/nasional/20221111233926-32-872744/surya-paloh-tunggu-jokowi-bilang-pilpres-2024-jatah-anies-baswedan
Erick Thohir,https://www.cnnindonesia.com/olahraga/20221111131125-142-872505/john-terry-borong-tas-rotan-di-sarinah-alessandro-nesta-cuci-mata
Erick Thohir,https://www.cnnindonesia.com/nasional/20221110181915-32-872225/zulkifli-hasan-puji-erick-thohir-pekerja-keras-dibutuhkan-negeri
Erick Thohir,https://www.cnnindonesia.com/nasional/20221110183434-32-872238/sekjen-pdip-gelar-pertemuan-tertutup-dengan-khofifah-di-jatim
Erick Thohir,https://www.cnnindonesia.com/ekonomi/20221110181941-92-872226/erick-thohir-luncurkan-buku-biografi-hasil-obrolan-warung-kopi
Erick Thohir,https://www.cnnindonesia.com/nasional/20221110033952-32-871789/hasil-musra-relawan-jokowi-di-kepri-ganjar-unggul-telak
Erick Thohir,https://www.cnnindonesia.com/nasional/20221109193730-32-871734/hasil-musra-relawan-jokowi-di-sumbar-prabowo-capres-terfavorit
Erick Thohir,https://www.cnnindonesia.com/ekonomi/20221109210225-97-871764/erick-thohir-pastikan-kesiapan-bumn-dukung-dan-sukseskan-g20
Erick Thohir,https://www.cnnindonesia.com/hiburan/20221107163409-234-870641/iwan-fals-komentari-hasil-survei-cawapres-rk-dan-sandi-akur-nih
Erick Thohir,https://www.cnnindonesia.com/ekonomi/20221107090458-85-870340/ahok-bongkar-5-orang-yang-berperan-tentukan-kenaikan-harga-bbm
Erick Thohir,https://www.cnnindonesia.com/ekonomi/20221107063956-92-870276/erick-thohir-bangga-telkom-masuk-forbes-puji-transformasi-sdm
Erick Thohir,https://www.cnnindonesia.com/nasional/20221106194102-32-870216/survei-cawapres-sandiaga-uno-ungguli-rk-hingga-ahy
Erick Thohir,https://www.cnnindonesia.com/olahraga/20221105064316-142-869828/5-kandidat-ketua-umum-pssi-yang-jadi-unggulan-netizen
Erick Thohir,https://www.cnnindonesia.com/internasional/20221102190438-106-868735/daftar-tokoh-ri-yang-masuk-muslim-berpengaruh-dunia-2023
Erick Thohir,https://www.cnnindonesia.com/ekonomi/20221102165041-92-868669/erick-thohir-dan-sri-mulyani-masuk-daftar-muslim-berpengaruh-dunia
Erick Thohir,https://www.cnnindonesia.com/nasional/20221102155305-32-868621/musra-relawan-di-palembang-prabowo-favorit-jenderal-dudung-mencuat
Erick Thohir,https://www.cnnindonesia.com/olahraga/20221102071547-142-868328/5-kandidat-ketua-pssi-pengganti-iwan-bule-yang-populer-di-media-sosial
Erick Thohir,https://www.cnnindonesia.com/olahraga/20221102013155-142-868290/hei-primadona-media-sosial-kuasai-pssi-tak-segampang-itu
Erick Thohir,https://www.cnnindonesia.com/olahraga/20221102062051-142-868313/top-3-sports-timnas-u-20-menang-5-kandidat-ketua-pssi-versi-netizen
Erick Thohir,https://www.cnnindonesia.com/olahraga/20221101094758-142-867889/5-kandidat-ketua-umum-pssi-yang-jadi-primadona-di-media-sosial
Erick Thohir,https://www.cnnindonesia.com/olahraga/20221101072605-142-867824/3-sosok-calon-ketua-pssi-yang-bisa-gantikan-iwan-bule
Erick Thohir,https://www.cnnindonesia.com/olahraga/20221101061948-178-867799/top-3-sports-3-kandidat-kuat-ketua-pssi-jadwal-indonesia-vs-moldova
Erick Thohir,https://www.cnnindonesia.com/nasional/20221031141336-32-867531/waketum-ppp-arsul-sebut-erick-thohir-cocok-jadi-capres-atau-cawapres
Erick Thohir,https://www.cnnindonesia.com/olahraga/20221031192608-142-867709/3-kandidat-ketua-umum-pssi-pengganti-iwan-bule-versi-pengamat
Erick Thohir,https://www.cnnindonesia.com/ekonomi/20221028152147-92-866642/erick-bakal-gabung-103-hotel-bumn
Erick Thohir,https://www.cnnindonesia.com/nasional/20221028153055-32-866648/rk-soal-melejit-di-survei-litbang-kompas-alhamdulillah-diapresiasi
Erick Thohir,https://www.cnnindonesia.com/nasional/20221027223759-32-866361/sandiaga-respons-musra-riau-terima-kasih-masukan-untuk-parpol
Erick Thohir,https://www.cnnindonesia.com/ekonomi/20221027211132-97-866347/terima-apresiasi-pasar-modal-erick-optimistis-bumn-terus-berbenah
Erick Thohir,https://www.cnnindonesia.com/ekonomi/20221027134253-85-866101/bukan-star-energy-erick-ingin-geo-dipa-merger-dengan-pln-cs
Erick Thohir,https://www.cnnindonesia.com/nasional/20221027091219-32-865967/jawa-masih-jadi-kunci-di-pilpres-2024
Erick Thohir,https://www.cnnindonesia.com/teknologi/20221026202045-185-865820/jelang-2024-twitter-izinkan-obrolan-politik-tapi-larang-kampanye
Erick Thohir,https://www.cnnindonesia.com/nasional/20221026195300-32-865815/jokowi-tak-masuk-daftar-capres-relawan-di-musra-riau
Erick Thohir,https://www.cnnindonesia.com/nasional/20221026143532-32-865632/sahroni-ledek-prediksi-erick-thohir-soal-presiden-berikutnya-dari-jawa
Erick Thohir,https://www.cnnindonesia.com/nasional/20221026143837-32-865635/hasil-musra-relawan-jokowi-riau-sandiaga-uno-capres-cawapres-favorit
Erick Thohir,https://www.cnnindonesia.com/ekonomi/20221026131130-92-865574/detik-detik-erick-thohir-pastikan-tak-jadi-presiden-gegara-bukan-jawa
Erick Thohir,https://www.cnnindonesia.com/ekonomi/20221026093139-92-865462/erick-thohir-buka-alasan-tak-bakal-terpilih-jadi-presiden-tren-jawa
Erick Thohir,https://www.cnnindonesia.com/ekonomi/20221026094102-97-865472/tiga-tahun-pimpin-bumn-erick-thohir-perbaikan-bumn-tidak-terbatas
Erick Thohir,https://www.cnnindonesia.com/ekonomi/20221026075115-92-865416/erick-thohir-yang-terpilih-presiden-pasti-bukan-saya-berikutnya-jawa
Erick Thohir,https://www.cnnindonesia.com/teknologi/20221024191134-192-864782/ahy-terbanyak-tuai-ocehan-bernada-negatif-di-medsos-kenapa
Erick Thohir,https://www.cnnindonesia.com/teknologi/20221024154243-192-864669/anies-paling-populer-di-medsos-jauh-ungguli-ganjar-dan-prabowo
Erick Thohir,https://www.cnnindonesia.com/ekonomi/20221022121401-92-863975/kasus-gagal-ginjal-akut-erick-minta-bumn-farmasi-cek-ulang-obat
Erick Thohir,https://www.cnnindonesia.com/olahraga/20221021114447-156-863579/mgpa-dorna-senang-dengan-perkembangan-sirkuit-mandalika
Erick Thohir,https://www.cnnindonesia.com/ekonomi/20221021070916-85-863461/pln-ungkap-nilai-pembelian-pltu-oleh-ptba-berkisar-rp12-t
Erick Thohir,https://www.cnnindonesia.com/hiburan/20221020141843-234-863213/ultah-hotman-paris-mau-hidup-hingga-124-tahun-dan-ogah-jadi-menteri
Erick Thohir,https://www.cnnindonesia.com/ekonomi/20221020093416-92-863041/buruh-tolak-keras-pemindahan-pabrik-pulogadung-ke-subang
Sandiaga Uno,https://www.cnnindonesia.com/ekonomi/20221114100719-97-873325/buka-peluang-usaha-sandiaga-uno-ajak-peserta-b20-keliling-nusantara
Sandiaga Uno,https://www.cnnindonesia.com/internasional/20221114000920-106-873206/biden-disambut-tari-pendet-saat-tiba-di-bali-amazing-splendid
Sandiaga Uno,https://www.cnnindonesia.com/nasional/20221112154601-32-872875/musra-relawan-jokowi-masih-dihuni-prabowo-ganjar-hingga-sandiaga
Sandiaga Uno,https://www.cnnindonesia.com/hiburan/20221111095911-225-872408/sandiaga-ajak-sineas-bali-ntb-hingga-papua-ikut-festival-film-bulanan
Sandiaga Uno,https://www.cnnindonesia.com/nasional/20221110142433-32-872066/relawan-jokowi-temui-prabowo-gerindra-sebut-tak-bahas-dukungan-capres
Sandiaga Uno,https://www.cnnindonesia.com/nasional/20221110095428-32-871898/relawan-jokowi-makan-siang-dengan-prabowo-hari-ini
Sandiaga Uno,https://www.cnnindonesia.com/nasional/20221110033952-32-871789/hasil-musra-relawan-jokowi-di-kepri-ganjar-unggul-telak
Sandiaga Uno,https://www.cnnindonesia.com/nasional/20221109193730-32-871734/hasil-musra-relawan-jokowi-di-sumbar-prabowo-capres-terfavorit
Sandiaga Uno,https://www.cnnindonesia.com/ekonomi/20221109140904-104-871549/kemenparekraf-kolaborasi-dengan-university-of-surrey-inggris
Sandiaga Uno,https://www.cnnindonesia.com/ekonomi/20221108185856-97-871213/sandiaga-uno-resmikan-waroeng-windsor-duniakan-kuliner-indonesia
Sandiaga Uno,https://www.cnnindonesia.com/ekonomi/20221108111853-97-870919/sandiaga-sambut-kolaborasi-pariwisata-dengan-arab-saudi
Sandiaga Uno,https://www.cnnindonesia.com/hiburan/20221107163409-234-870641/iwan-fals-komentari-hasil-survei-cawapres-rk-dan-sandi-akur-nih
Sandiaga Uno,https://www.cnnindonesia.com/ekonomi/20221107094657-104-870362/bangkitkan-ekonomi-sandiaga-uno-hadiri-indonesian-day-di-london
Sandiaga Uno,https://www.cnnindonesia.com/nasional/20221106194102-32-870216/survei-cawapres-sandiaga-uno-ungguli-rk-hingga-ahy
Sandiaga Uno,https://www.cnnindonesia.com/nasional/20221106193258-32-870214/survei-capres-indekstat-ganjar-teratas-puan-masuk-5-besar
Sandiaga Uno,https://www.cnnindonesia.com/nasional/20221105155503-32-869949/projo-presiden-jokowi-perintahkan-musra-relawan-terus-berjalan
Sandiaga Uno,https://www.cnnindonesia.com/nasional/20221104113825-32-869497/mardiono-soal-kader-ppp-ke-anies-jangan-jalan-sendiri-sendiri
Sandiaga Uno,https://www.cnnindonesia.com/gaya-hidup/20221103200248-282-869257/sambut-kemeriahan-lazada-womens-fest-di-jiexpo
Sandiaga Uno,https://www.cnnindonesia.com/nasional/20221102155305-32-868621/musra-relawan-di-palembang-prabowo-favorit-jenderal-dudung-mencuat
Sandiaga Uno,https://www.cnnindonesia.com/ekonomi/20221101192428-97-868219/sandi-apresiasi-460-wisudawan-poltekpar-medan-langsung-diterima-kerja
Sandiaga Uno,https://www.cnnindonesia.com/nasional/20221101143134-32-868045/ppp-akui-sejumlah-kader-lebih-setuju-anies-jadi-capres-2024
Sandiaga Uno,https://www.cnnindonesia.com/ekonomi/20221101143718-297-868048/meriahkan-gemes-2022-bobby-nasution-datangkan-4-negara-tetangga
Sandiaga Uno,https://www.cnnindonesia.com/nasional/20221031184639-32-867696/sandiaga-akan-temui-prabowo-bahas-langkah-politik-jelang-pilpres-2024
Sandiaga Uno,https://www.cnnindonesia.com/ekonomi/20221101143525-297-868047/meriahkan-gemes-2022-bobby-nasution-datangkan-4-negara-tetangga
Sandiaga Uno,https://www.cnnindonesia.com/gaya-hidup/20221031143716-269-867594/daftar-50-desa-wisata-terbaik-indonesia-2022-ada-yang-di-jakarta
Sandiaga Uno,https://www.cnnindonesia.com/ekonomi/20221031113744-92-867431/sandiaga-targetkan-investor-suntik-rp800-m-di-parapuar-labuan-bajo
Sandiaga Uno,https://www.cnnindonesia.com/nasional/20221028153055-32-866648/rk-soal-melejit-di-survei-litbang-kompas-alhamdulillah-diapresiasi
Sandiaga Uno,https://www.cnnindonesia.com/ekonomi/20221028101045-97-866469/gandeng-bhumi-varta-technology-sandiaga-dorong-digitalisasi-umkm
Sandiaga Uno,https://www.cnnindonesia.com/nasional/20221027223759-32-866361/sandiaga-respons-musra-riau-terima-kasih-masukan-untuk-parpol
Sandiaga Uno,https://www.cnnindonesia.com/nasional/20221027163444-32-866227/sudirman-said-jadi-penyambung-lidah-anies-di-koalisi-perubahan
Sandiaga Uno,https://www.cnnindonesia.com/gaya-hidup/20221027104726-269-866021/potensi-wisata-pulau-pasir-di-balik-sengketa-indonesia-australia
Sandiaga Uno,https://www.cnnindonesia.com/nasional/20221027110921-32-866032/relawan-jokowi-kebut-musra-capres-diumumkan-januari-2023
Sandiaga Uno,https://www.cnnindonesia.com/nasional/20221027064416-32-865893/survei-populi-elektabilitas-ganjar-unggul-tipis-dari-anies
Sandiaga Uno,https://www.cnnindonesia.com/ekonomi/20221026194647-92-865813/sandiaga-uno-soal-pulau-pasir-diklaim-australia-nkri-harga-mati
Sandiaga Uno,https://www.cnnindonesia.com/nasional/20221026195300-32-865815/jokowi-tak-masuk-daftar-capres-relawan-di-musra-riau
Sandiaga Uno,https://www.cnnindonesia.com/nasional/20221026142727-32-865666/anies-dan-ustaz-abdul-somad-masuk-daftar-capres-musra-relawan-jokowi
Sandiaga Uno,https://www.cnnindonesia.com/nasional/20221026143837-32-865635/hasil-musra-relawan-jokowi-riau-sandiaga-uno-capres-cawapres-favorit
Sandiaga Uno,https://www.cnnindonesia.com/nasional/20221026113347-20-865531/maruf-ikut-dikritik-bem-ui-wapres-cuma-simbol-dan-pajangan-di-kelas
Sandiaga Uno,https://www.cnnindonesia.com/nasional/20221026101613-32-865486/elektabilitas-ganjar-prabowo-anies-setahun-jelang-pendaftaran-capres
Sandiaga Uno,https://www.cnnindonesia.com/nasional/20221025083826-32-864926/elektabilitas-kandidat-cawapres-pks-ahmad-heryawan-di-lembaga-survei
Sandiaga Uno,https://www.cnnindonesia.com/nasional/20221026014412-32-865345/sandiaga-tunggu-restu-prabowo-untuk-maju-pilpres-2024
Sandiaga Uno,https://www.cnnindonesia.com/ekonomi/20221025105210-92-864978/pengelolaan-homestay-bakal-terpusat-di-badan-usaha-milik-desa
Sandiaga Uno,https://www.cnnindonesia.com/nasional/20221025170520-32-865226/gus-yahya-tak-tertarik-maju-capres-saya-sudah-merasa-presiden-di-nu
Sandiaga Uno,https://www.cnnindonesia.com/nasional/20220728134117-35-827328/infografis-usia-para-ketua-umum-partai-politik-di-dpr
Sandiaga Uno,https://www.cnnindonesia.com/teknologi/20221024154243-192-864669/anies-paling-populer-di-medsos-jauh-ungguli-ganjar-dan-prabowo
Sandiaga Uno,https://www.cnnindonesia.com/hiburan/20221023203645-246-864322/sandiaga-uno-apresiasi-film-terpilih-festival-film-bulanan-sumatra
Puan,https://www.cnnindonesia.com/nasional/20221110170819-25-872183/bertemu-presiden-korsel-puan-bahas-iklim-inflasi-hingga-bung-karno
Puan,https://www.cnnindonesia.com/internasional/20221110182138-113-872228/presiden-korsel-bertemu-puan-dan-megawati-bahas-apa
Puan,https://www.cnnindonesia.com/tv/20221110164031-404-872162/vidoe-puan-maharani-soal-tragedi-itaewon-kanjuruhan
Puan,https://www.cnnindonesia.com/nasional/20221110140148-32-872050/puan-dan-megawati-beri-penghormatan-korban-di-lokasi-tragedi-itaewon
Puan,https://www.cnnindonesia.com/nasional/20221110033952-32-871789/hasil-musra-relawan-jokowi-di-kepri-ganjar-unggul-telak
Puan,https://www.cnnindonesia.com/nasional/20221109033744-32-871292/golkar-ajak-pdip-demokrat-gabung-kib-hadapi-pilpres-2024
Puan,https://www.cnnindonesia.com/nasional/20221108222754-32-871273/tap-mprs-33-1967-dicabut-pdip-harap-ri-minta-maaf-ke-keluarga-sukarno
Puan,https://www.cnnindonesia.com/nasional/20221108194850-20-871243/ganjar-ucap-selamat-ke-puan-dapat-doktor-kehormatan-selamat-ya-mbak
Puan,https://www.cnnindonesia.com/internasional/20221107212225-111-870742/puan-dinilai-akan-teruskan-warisan-bung-karno-rawat-hubungan-ri-korsel
Puan,https://www.cnnindonesia.com/nasional/20221107163437-32-870638/sudah-raih-9-honoris-causa-megawati-sebut-bung-karno-punya-26-gelar
Puan,https://www.cnnindonesia.com/nasional/20221107172628-32-870669/survei-indostrategi-elektabilitas-prabowo-menguat-anies-memble
Puan,https://www.cnnindonesia.com/hiburan/20221107163409-234-870641/iwan-fals-komentari-hasil-survei-cawapres-rk-dan-sandi-akur-nih
Puan,https://www.cnnindonesia.com/nasional/20221107153904-32-870598/tunggu-5-gelar-lagi-mega-ingin-puan-kalahkan-perolehan-honoris-causa
Puan,https://www.cnnindonesia.com/nasional/20221107153619-32-870597/puan-maharani-terima-gelar-doktor-honoris-causa-dari-pknu-korsel
Puan,https://www.cnnindonesia.com/nasional/20221106194102-32-870216/survei-cawapres-sandiaga-uno-ungguli-rk-hingga-ahy
Puan,https://www.cnnindonesia.com/nasional/20221106193258-32-870214/survei-capres-indekstat-ganjar-teratas-puan-masuk-5-besar
Puan,https://www.cnnindonesia.com/nasional/20221106104304-25-870101/besok-puan-maharani-terima-gelar-doktor-honoris-causa-dari-pknu
Puan,https://www.cnnindonesia.com/nasional/20221105105718-32-869873/puan-terima-gelar-doktor-kehormatan-dari-pknu-korsel
Puan,https://www.cnnindonesia.com/nasional/20221103121036-32-868984/ade-armando-ganjar-vs-anies-the-real-battle-di-pilpres-2024
Puan,https://www.cnnindonesia.com/nasional/20221102155305-32-868621/musra-relawan-di-palembang-prabowo-favorit-jenderal-dudung-mencuat
Puan,https://www.cnnindonesia.com/nasional/20221102090007-32-868378/johan-budi-saya-cuma-remah-remah-rengginang-di-pdip-yang-dukung-puan
Puan,https://www.cnnindonesia.com/nasional/20221101203824-32-868261/puan-maharani-akan-lanjutkan-safari-politik-temui-ketum-pan-dan-ppp
Puan,https://www.cnnindonesia.com/nasional/20221101193839-32-868227/puan-soal-dewan-kolonel-kita-ikuti-perintah-ketua-umum-pdip
Puan,https://www.cnnindonesia.com/nasional/20221101175750-32-868183/pdip-sebut-johan-budi-dicopot-dari-burt-dpr-tak-terkait-dewan-kolonel
Puan,https://www.cnnindonesia.com/nasional/20221101133454-32-868006/belum-setahun-pdip-copot-johan-budi-dari-wakil-ketua-burt-dpr
Puan,https://www.cnnindonesia.com/hiburan/20221031193037-305-867713/puan-euforia-kerumunan-massa-pasca-covid-harus-jadi-perhatian
Puan,https://www.cnnindonesia.com/nasional/20221030214859-32-867227/ganjar-soal-isu-jokowi-jadi-ketum-pdip-waspadai-penumpang-gelap
Puan,https://www.cnnindonesia.com/nasional/20221028153055-32-866648/rk-soal-melejit-di-survei-litbang-kompas-alhamdulillah-diapresiasi
Puan,https://www.cnnindonesia.com/nasional/20221028141643-32-866602/fx-rudy-di-ulang-tahun-ganjar-komitmen-bangun-monumen-kemenangan
Puan,https://www.cnnindonesia.com/internasional/20221027110024-111-866028/suarakan-perdamaian-puan-dorong-appf-tolak-penggunaan-senjata-nuklir
Puan,https://www.cnnindonesia.com/nasional/20221027223759-32-866361/sandiaga-respons-musra-riau-terima-kasih-masukan-untuk-parpol
Puan,https://www.cnnindonesia.com/nasional/20221027171846-32-866259/formappi-kritik-kinerja-dpr-cuma-sahkan-18-dari-257-ruu-prolegnas
Puan,https://www.cnnindonesia.com/nasional/20221027111956-25-866038/puan-ungkap-progres-pemberdayaan-perempuan-ri-di-forum-internasional
Puan,https://www.cnnindonesia.com/nasional/20221027104056-32-866015/sekjen-pdip-jokowi-pesan-jangan-terlalu-lama-umumkan-capres
Puan,https://www.cnnindonesia.com/nasional/20221027072642-32-865914/sanksi-berat-pdip-untuk-fx-rudy-buntut-dukungan-kepada-ganjar
Puan,https://www.cnnindonesia.com/nasional/20221026195300-32-865815/jokowi-tak-masuk-daftar-capres-relawan-di-musra-riau
Puan,https://www.cnnindonesia.com/nasional/20221026192555-32-865808/dpp-pdip-sindir-trimedya-cs-soal-dewan-kolonel-kreatif-cari-muka
Puan,https://www.cnnindonesia.com/nasional/20221026183450-32-865788/pdip-tak-akan-panggil-puan-maharani-soal-dewan-kolonel
Puan,https://www.cnnindonesia.com/nasional/20221026160508-32-865702/pdip-pastikan-bakal-panggil-dewan-kolonel-kita-tertibkan-semua
Puan,https://www.cnnindonesia.com/nasional/20221026142727-32-865666/anies-dan-ustaz-abdul-somad-masuk-daftar-capres-musra-relawan-jokowi
Puan,https://www.cnnindonesia.com/nasional/20221026143837-32-865635/hasil-musra-relawan-jokowi-riau-sandiaga-uno-capres-cawapres-favorit
Puan,https://www.cnnindonesia.com/nasional/20221026093342-32-865471/fx-rudy-anggap-wajar-ganjar-disanksi-pdip-didiamkan-malah-ngenes
Puan,https://www.cnnindonesia.com/nasional/20221025083943-32-864922/sanksi-ringan-ke-ganjar-pdip-disinyalir-melunak
Puan,https://www.cnnindonesia.com/nasional/20221025071415-32-864899/pdip-sebut-teguran-untuk-ganjar-biasa-ke-dewan-kolonel-lebih-keras
Puan,https://www.cnnindonesia.com/gaya-hidup/20221025164232-307-865205/operasi-hidung-terbaik-di-jawa-tengah-queen-plastic-surgery-solo
Puan,https://www.cnnindonesia.com/teknologi/20221024154243-192-864669/anies-paling-populer-di-medsos-jauh-ungguli-ganjar-dan-prabowo
Surya Paloh,https://www.cnnindonesia.com/nasional/20221113092138-32-873001/nakhoda-nasdem-out-jika-suara-stagnan-di-2024
Surya Paloh,https://www.cnnindonesia.com/nasional/20221111194253-32-872705/surya-paloh-soal-nasib-nasdem-di-koalisi-pemerintah-bola-di-jokowi
Surya Paloh,https://www.cnnindonesia.com/nasional/20221112143545-32-872860/surya-paloh-jika-suara-nasdem-anjlok-di-2024-nakhodanya-out
Surya Paloh,https://www.cnnindonesia.com/nasional/20221112073942-32-872768/surya-paloh-soal-jokowi-tak-ucapkan-hut-ke-nasdem-mungkin-sibuk
Surya Paloh,https://www.cnnindonesia.com/nasional/20221111233926-32-872744/surya-paloh-tunggu-jokowi-bilang-pilpres-2024-jatah-anies-baswedan
Surya Paloh,https://www.cnnindonesia.com/nasional/20221111234540-32-872745/bicara-bandar-di-pilpres-surya-paloh-singgung-sambo-sudah-ditangkap
Surya Paloh,https://www.cnnindonesia.com/nasional/20221111190921-32-872692/surya-paloh-saya-masih-anggap-jokowi-adalah-presiden-nasdem
Surya Paloh,https://www.cnnindonesia.com/nasional/20221111164937-32-872616/surya-paloh-akui-jokowi-belum-ucapkan-selamat-ultah-untuk-nasdem
Surya Paloh,https://www.cnnindonesia.com/nasional/20221111155223-32-872585/surya-paloh-calonkan-anies-bukan-berarti-hubungan-ke-jokowi-retak
Surya Paloh,https://www.cnnindonesia.com/nasional/20221111142552-32-872542/anies-salut-surya-paloh-tempuh-jalan-terjal-siap-mendaki-bersama
Surya Paloh,https://www.cnnindonesia.com/nasional/20221111071638-32-872341/pamor-anies-dan-jalan-redup-elektabilitas-nasdem
Surya Paloh,https://www.cnnindonesia.com/nasional/20221110131524-32-872003/jokowi-tak-hadir-hut-nasdem-besok-beri-ucapan-lewat-video
Surya Paloh,https://www.cnnindonesia.com/nasional/20221102134434-32-868534/nasdem-respons-survei-soal-tak-lolos-dpr-di-2024
Surya Paloh,https://www.cnnindonesia.com/nasional/20221101203824-32-868261/puan-maharani-akan-lanjutkan-safari-politik-temui-ketum-pan-dan-ppp
Surya Paloh,https://www.cnnindonesia.com/nasional/20221028151045-32-866641/hasto-pdip-sindir-parpol-pendukung-jokowi-kini-dekat-dengan-pengkritik
Surya Paloh,https://www.cnnindonesia.com/nasional/20221028121539-32-866536/ahy-susul-sby-ke-jerman-usai-bertemu-anies-dan-paloh
Surya Paloh,https://www.cnnindonesia.com/nasional/20221027191748-32-866298/pengamat-ramal-hubungan-nasdem-dan-jokowi-akan-goyah
Surya Paloh,https://www.cnnindonesia.com/nasional/20221027135203-32-866109/pks-respons-paloh-dan-ahy-bertemu-semua-legowo-demi-kemenangan-2024
Surya Paloh,https://www.cnnindonesia.com/nasional/20221027080955-32-865936/poin-poin-penting-hasil-pertemuan-ahy-dan-surya-paloh
Surya Paloh,https://www.cnnindonesia.com/nasional/20221027070531-32-865910/ahy-siap-jadi-cawapres-anies-kami-ingin-menang-di-2024
Surya Paloh,https://www.cnnindonesia.com/nasional/20221026172813-32-865767/surya-paloh-respons-isu-reshuffle-jokowi-tahu-arti-keberadaan-nasdem
Surya Paloh,https://www.cnnindonesia.com/nasional/20221026150835-32-865660/surya-paloh-soal-ahy-jadi-cawapres-anies-saya-restui-yang-baik
Surya Paloh,https://www.cnnindonesia.com/nasional/20221026124418-32-865557/ahy-kembali-bertemu-surya-paloh
Surya Paloh,https://www.cnnindonesia.com/nasional/20221026082043-32-865431/ahy-bakal-bertemu-surya-paloh-lagi-hari-ini
Surya Paloh,https://www.cnnindonesia.com/nasional/20221025185833-32-865271/usai-rapat-koalisi-di-rumah-anies-ahy-temui-surya-paloh-besok
Surya Paloh,https://www.cnnindonesia.com/nasional/20221025165352-32-865222/anies-dan-ahy-ikut-pertemuan-tim-kecil-nasdem-demokrat-dan-pks
Surya Paloh,https://www.cnnindonesia.com/nasional/20221023153552-32-864256/pdip-respons-video-jokowi-tolak-dipeluk-yang-akrab-itu-paloh-anies
Surya Paloh,https://www.cnnindonesia.com/nasional/20221023090143-32-864167/surya-paloh-pilih-anies-baswedan-jadi-capres-tak-sembrono
Surya Paloh,https://www.cnnindonesia.com/nasional/20221023081949-32-864153/viral-gestur-jokowi-enggan-dipeluk-surya-paloh-saat-hut-golkar
Surya Paloh,https://www.cnnindonesia.com/nasional/20221022180558-32-864055/nasdem-respons-video-jokowi-tolak-pelukan-paloh-pasti-nyerang-anies
Surya Paloh,https://www.cnnindonesia.com/nasional/20221022155151-32-864027/surya-paloh-buka-suara-soal-jokowi-enggan-pelukan-di-hut-golkar
Surya Paloh,https://www.cnnindonesia.com/nasional/20221022150326-32-864016/paloh-saya-dukung-ahok-disebut-penista-agama-dukung-anies-kadrun
Surya Paloh,https://www.cnnindonesia.com/nasional/20221022102950-32-863948/nasdem-pks-dan-demokrat-matangkan-koalisi-bahas-cawapres-untuk-anies
Surya Paloh,https://www.cnnindonesia.com/nasional/20221021190039-32-863823/sindiran-jokowi-buat-kib-di-hut-golkar-jangan-rangkul-rangkulan-terus
Surya Paloh,https://www.cnnindonesia.com/nasional/20221021202443-32-863860/airlangga-pamer-kib-punya-tiket-premium-pilpres-2024-di-depan-jokowi
Surya Paloh,https://www.cnnindonesia.com/nasional/20221021191834-32-863835/jokowi-luhut-jk-hingga-surya-paloh-hadir-di-hut-ke-58-golkar
Surya Paloh,https://www.cnnindonesia.com/nasional/20221020084021-32-863021/efek-prabowo-paloh-kegagalan-golkar-menang-di-tiga-pemilu-terakhir
Surya Paloh,https://www.cnnindonesia.com/nasional/20221020081216-32-863009/nasdem-minta-maaf-pakai-lagu-feast-untuk-latar-musik-pidato-anies
Surya Paloh,https://www.cnnindonesia.com/nasional/20221019192016-32-862875/pdip-klaim-tak-akan-desak-jokowi-copot-menteri-nasdem-dari-kabinet
Surya Paloh,https://www.cnnindonesia.com/nasional/20221017140031-32-861582/demokrat-jelaskan-momen-semeja-dengan-elite-pks-nasdem-dan-anies
Surya Paloh,https://www.cnnindonesia.com/nasional/20221018002942-32-861835/nasdem-klaim-satu-satunya-fraksi-dukung-naikkan-bbm-tolol-atau-loyal
Surya Paloh,https://www.cnnindonesia.com/nasional/20221018003948-32-861836/paloh-soal-desakan-nasdem-keluar-koalisi-kami-komitmen-dukung-jokowi
Surya Paloh,https://www.cnnindonesia.com/nasional/20221017140907-32-861587/sby-pegang-erat-tangan-anies-baswedan-saat-kumpul-bareng-surya-paloh
